budget_binned,cast_popularity_binned,0
avg,avg,0.5717948717948718
avg,high,0.2230769230769231
avg,low,0.20512820512820512
high,avg,0.4544392523364486
high,high,0.4976635514018692
high,low,0.04789719626168224
low,avg,0.34980494148244473
low,high,0.05201560468140442
low,low,0.5981794538361509
