budget_binned,cast_popularity_binned,0
avg,avg,0.5886792452830188
avg,high,0.22452830188679246
avg,low,0.18679245283018867
high,avg,0.4528061224489796
high,high,0.5051020408163265
high,low,0.042091836734693876
low,avg,0.3711467324290999
low,high,0.0530209617755857
low,low,0.5758323057953144
