budget_binned,cast_popularity_binned,0
avg,1st,0.9743589743589743
avg,2nd,0.02564102564102564
avg,3rd,0.0
high,1st,0.8516355140186916
high,2nd,0.13901869158878505
high,3rd,0.009345794392523364
low,1st,0.9947984395318595
low,2nd,0.0039011703511053317
low,3rd,0.0013003901170351106
