major,macro_genre,0
no,action,0.35710747894997524
no,dark,0.26250619118375434
no,light,0.2818226844972759
no,other,0.09856364536899455
yes,action,0.45197255574614065
yes,dark,0.2109777015437393
yes,light,0.27358490566037735
yes,other,0.0634648370497427
