major,macro_genre,0
no,action,0.23080733036156514
no,dark,0.3343239227340267
no,light,0.19366022783556217
no,other,0.24120851906884597
yes,action,0.30874785591766724
yes,dark,0.30102915951972553
yes,light,0.21869639794168097
yes,other,0.17152658662092624
