major,0
no,0.6339089481946625
yes,0.3660910518053375
