major,us,0
no,no,0.12976721149083706
no,yes,0.870232788509163
yes,no,0.030874785591766724
yes,yes,0.9691252144082333
