vote_average_binned,0
bad,0.07127158555729984
great,0.19748822605965463
nan,0.0006279434850863422
ok,0.7306122448979592
